{
  "data": [
    [
      [
        1,
        null,
        0
      ],
      [
        -69.74074074074073,
        24.6403751373291,
        {
          "__enum__": "StatusType.SUCCESS"
        },
        {
          "info": {
            "loss": 0.4954488277435303,
            "model_parameters": 66083.0,
            "train_accuracy": 54.644808743169406,
            "lr_scheduler_converged": 0.0,
            "val_accuracy": 70.74074074074073,
            "test_result": 74.0,
            "test_cross_entropy": 0.5797991156578064,
            "test_balanced_accuracy": 0.7238095238095238
          },
          "timestamps": {
            "submitted": 18.618353128433228,
            "started": 18.618414878845215,
            "finished": 43.258790016174316
          }
        }
      ]
    ],
    [
      [
        2,
        null,
        0
      ],
      [
        -30.48148148148148,
        24.883311986923218,
        {
          "__enum__": "StatusType.SUCCESS"
        },
        {
          "info": {
            "loss": 0.69405038356781,
            "model_parameters": 338290.0,
            "train_accuracy": 50.42253521126761,
            "lr_scheduler_converged": 0.0,
            "val_accuracy": 31.48148148148148,
            "test_result": 30.0,
            "test_cross_entropy": 0.6970993280410767,
            "test_balanced_accuracy": 0.5
          },
          "timestamps": {
            "submitted": 43.26057839393616,
            "started": 43.26063871383667,
            "finished": 68.14395070075989
          }
        }
      ]
    ],
    [
      [
        3,
        null,
        0
      ],
      [
        -67.51851851851852,
        24.788120985031128,
        {
          "__enum__": "StatusType.SUCCESS"
        },
        {
          "info": {
            "loss": 0.6112881501515707,
            "model_parameters": 153677.0,
            "train_accuracy": 70.2048417132216,
            "lr_scheduler_converged": 0.0,
            "val_accuracy": 68.51851851851852,
            "test_result": 70.0,
            "test_cross_entropy": 0.6392134428024292,
            "test_balanced_accuracy": 0.5
          },
          "timestamps": {
            "submitted": 68.14564967155457,
            "started": 68.14578080177307,
            "finished": 92.9339017868042
          }
        }
      ]
    ],
    [
      [
        4,
        null,
        0
      ],
      [
        -73.81481481481481,
        25.163572311401367,
        {
          "__enum__": "StatusType.SUCCESS"
        },
        {
          "info": {
            "loss": 0.554771289229393,
            "model_parameters": 8477774.0,
            "train_accuracy": 71.06481481481481,
            "lr_scheduler_converged": 0.0,
            "val_accuracy": 74.81481481481481,
            "test_result": 67.0,
            "test_cross_entropy": 0.6243217587471008,
            "test_balanced_accuracy": 0.7642857142857142
          },
          "timestamps": {
            "submitted": 184.28389358520508,
            "started": 184.2839548587799,
            "finished": 209.44752717018127
          }
        }
      ]
    ],
    [
      [
        5,
        null,
        0
      ],
      [
        -38.62962962962963,
        24.8287992477417,
        {
          "__enum__": "StatusType.SUCCESS"
        },
        {
          "info": {
            "loss": 0.6160053610801697,
            "model_parameters": 716067.0,
            "train_accuracy": 72.12121212121212,
            "lr_scheduler_converged": 0.0,
            "val_accuracy": 39.62962962962963,
            "test_result": 55.00000000000001,
            "test_cross_entropy": 0.6993306875228882,
            "test_balanced_accuracy": 0.5833333333333334
          },
          "timestamps": {
            "submitted": 209.45191836357117,
            "started": 209.45200419425964,
            "finished": 234.28080344200134
          }
        }
      ]
    ],
    [
      [
        6,
        null,
        0
      ],
      [
        -61.22222222222222,
        24.61447310447693,
        {
          "__enum__": "StatusType.SUCCESS"
        },
        {
          "info": {
            "loss": 0.6879502534866333,
            "model_parameters": 16802.0,
            "train_accuracy": 51.486988847583646,
            "lr_scheduler_converged": 0.0,
            "lr": 0.00019935961418953734,
            "val_accuracy": 62.22222222222222,
            "test_result": 62.0,
            "test_cross_entropy": 0.6917968988418579,
            "test_balanced_accuracy": 0.5380952380952381
          },
          "timestamps": {
            "submitted": 234.2852988243103,
            "started": 234.2853775024414,
            "finished": 258.89985060691833
          }
        }
      ]
    ]
  ],
  "config_origins": {
    "1": "Random",
    "2": "Random",
    "3": "Random",
    "4": "Random",
    "5": "Random",
    "6": "Random"
  },
  "configs": {
    "1": {
      "CreateDataLoader:batch_size": 366,
      "Imputation:strategy": "most_frequent",
      "InitializationSelector:initialization_method": "sparse",
      "InitializationSelector:initializer:initialize_bias": "No",
      "LearningrateSchedulerSelector:lr_scheduler": "plateau",
      "LossModuleSelector:loss_module": "cross_entropy",
      "NetworkSelector:network": "shapedresnet",
      "NormalizationStrategySelector:normalization_strategy": "maxabs",
      "OptimizerSelector:optimizer": "adam",
      "PreprocessorSelector:preprocessor": "none",
      "ResamplingStrategySelector:over_sampling_method": "smote",
      "ResamplingStrategySelector:target_size_strategy": "median",
      "ResamplingStrategySelector:under_sampling_method": "random",
      "TrainNode:batch_loss_computation_technique": "mixup",
      "InitializationSelector:sparse:sparsity": 0.9,
      "LearningrateSchedulerSelector:plateau:factor": 0.4418731426823624,
      "LearningrateSchedulerSelector:plateau:patience": 7,
      "NetworkSelector:shapedresnet:activation": "relu",
      "NetworkSelector:shapedresnet:blocks_per_group": 4,
      "NetworkSelector:shapedresnet:max_units": 29,
      "NetworkSelector:shapedresnet:num_groups": 5,
      "NetworkSelector:shapedresnet:resnet_shape": "hexagon",
      "NetworkSelector:shapedresnet:use_dropout": true,
      "NetworkSelector:shapedresnet:use_shake_drop": false,
      "NetworkSelector:shapedresnet:use_shake_shake": true,
      "OptimizerSelector:adam:learning_rate": 0.0028542223138853786,
      "OptimizerSelector:adam:weight_decay": 0.07631615087411033,
      "ResamplingStrategySelector:smote:k_neighbors": 7,
      "TrainNode:mixup:alpha": 0.6922367261275184,
      "NetworkSelector:shapedresnet:max_dropout": 0.05301832250288108
    },
    "2": {
      "CreateDataLoader:batch_size": 71,
      "Imputation:strategy": "mean",
      "InitializationSelector:initialization_method": "sparse",
      "InitializationSelector:initializer:initialize_bias": "Zero",
      "LearningrateSchedulerSelector:lr_scheduler": "plateau",
      "LossModuleSelector:loss_module": "cross_entropy_weighted",
      "NetworkSelector:network": "shapedresnet",
      "NormalizationStrategySelector:normalization_strategy": "minmax",
      "OptimizerSelector:optimizer": "rmsprop",
      "PreprocessorSelector:preprocessor": "truncated_svd",
      "ResamplingStrategySelector:over_sampling_method": "smote",
      "ResamplingStrategySelector:target_size_strategy": "median",
      "ResamplingStrategySelector:under_sampling_method": "random",
      "TrainNode:batch_loss_computation_technique": "standard",
      "InitializationSelector:sparse:sparsity": 0.9,
      "LearningrateSchedulerSelector:plateau:factor": 0.12286836020209406,
      "LearningrateSchedulerSelector:plateau:patience": 3,
      "NetworkSelector:shapedresnet:activation": "sigmoid",
      "NetworkSelector:shapedresnet:blocks_per_group": 1,
      "NetworkSelector:shapedresnet:max_units": 155,
      "NetworkSelector:shapedresnet:num_groups": 4,