{"_n_configs_per_intensify": 52, "_n_calls_of_intensify": 9, "ta_time_used": 3.682430000000002, "inc_changed": 3, "_ema_n_configs_per_intensifiy": 6.111782400000002, "wallclock_time_used": 50.047420024871826, "ta_runs": 143, "_EMA_ALPHA": 0.2}