{
    "ablation": {
        "imp": {
            "-source-": 0,
            "-target-": 0,
            "sp-learned-clause-sort-heur": 0.0007662582858948924,
            "sp-orig-clause-sort-heur": 0.39151143724604925,
            "sp-var-activity-inc": 0.00012801329389635485,
            "sp-var-dec-heur": 0.6073328783015078
        },
        "order": [
            "-source-",
            "sp-var-dec-heur",
            "sp-orig-clause-sort-heur",
            "sp-learned-clause-sort-heur",
            "sp-var-activity-inc",
            "-target-"
        ],
        "perf": {
            "-source-": 9.29992813739651,
            "-target-": 0.01651729912698413,
            "sp-learned-clause-sort-heur": 0.02013250222222223,
            "sp-orig-clause-sort-heur": 0.027245992698412703,
            "sp-var-activity-inc": 0.018944102222222228,
            "sp-var-dec-heur": 3.6618075125348652
        },
        "var": {
            "-source-": 46.14201332276481,
            "-target-": 1e-05,
            "sp-learned-clause-sort-heur": 2.0435821592116402e-05,
            "sp-orig-clause-sort-heur": 4.1955079037316704e-05,
            "sp-var-activity-inc": 1.7799821666190477e-05,
            "sp-var-dec-heur": 19.359099546343817
        }
    }
}