{
    "ablation": {
        "imp": {
            "-source-": 0,
            "-target-": 0,
            "sp-learned-clause-sort-heur": 0.06752443481680323,
            "sp-orig-clause-sort-heur": 0.306006631772565,
            "sp-var-activity-inc": 0.0001901707983589545,
            "sp-var-dec-heur": 0.6260046347215558
        },
        "order": [
            "-source-",
            "sp-var-dec-heur",
            "sp-orig-clause-sort-heur",
            "sp-learned-clause-sort-heur",
            "sp-var-activity-inc",
            "-target-"
        ],
        "perf": {
            "-source-": 9.797768615343061,
            "-target-": 0.0165062330952381,
            "sp-learned-clause-sort-heur": 0.021047660396825405,
            "sp-orig-clause-sort-heur": 0.681521874552968,
            "sp-var-activity-inc": 0.019187549920634928,
            "sp-var-dec-heur": 3.674653030628319
        },
        "var": {
            "-source-": 47.969827022808815,
            "-target-": 1e-05,
            "sp-learned-clause-sort-heur": 1.2957936160228647e-05,
            "sp-orig-clause-sort-heur": 3.688080846128334,
            "sp-var-activity-inc": 1e-05,
            "sp-var-dec-heur": 19.106867137406404
        }
    }
}