{
    "forward-selection": {
        "imp": {
            "sp-max-res-runs": 0.3167307591628852,
            "sp-rand-var-dec-freq": 0.31535990681310944,
            "sp-var-activity-inc": 0.33318428276598705,
            "sp-var-dec-heur": 0.31614733669747286
        },
        "order": [
            "sp-var-activity-inc",
            "sp-var-dec-heur",
            "sp-max-res-runs",
            "sp-rand-var-dec-freq"
        ]
    }
}