{
    "fanova": {
        "sp-clause-activity-inc": 0.0005202644367160071,
        "sp-clause-decay": 0.0013120999266283105,
        "sp-clause-del-heur": 0.00035759424421098393,
        "sp-clause-inversion": 0.0,
        "sp-first-restart": 0.00047674870297890256,
        "sp-learned-clause-sort-heur": 0.2535643117323501,
        "sp-learned-clauses-inc": 0.0013622040722197173,
        "sp-learned-size-factor": 0.0017399860667659658,
        "sp-max-res-lit-inc": 0.00017932661540375416,
        "sp-max-res-runs": 0.005673210114555033,
        "sp-orig-clause-sort-heur": 0.032652774164408156,
        "sp-phase-dec-heur": 0.009537877421468641,
        "sp-rand-phase-dec-freq": 0.0011653180360601749,
        "sp-rand-phase-scaling": 0.00037280897423271466,
        "sp-rand-var-dec-freq": 0.24819012186659822,
        "sp-rand-var-dec-scaling": 0.13191463873519024,
        "sp-res-cutoff-cls": 0.0012656259286873486,
        "sp-res-cutoff-lits": 0.0005869231113878981,
        "sp-res-order-heur": 0.008954509805389844,
        "sp-resolution": 5.803130938941685e-05,
        "sp-restart-inc": 0.0003161807282430684,
        "sp-update-dec-queue": 0.0007578762772578159,
        "sp-use-pure-literal-rule": 3.717975552330879e-06,
        "sp-var-activity-inc": 0.004931402806657544,
        "sp-var-dec-heur": 0.09953889040358693,
        "sp-variable-decay": 1.1101938989524154e-05
    }
}