{
    "fanova": {
        "sp-clause-activity-inc": 0.00670190616648593,
        "sp-clause-decay": 0.013526977044235628,
        "sp-clause-del-heur": 5.616414623770017e-06,
        "sp-clause-inversion": 7.242075834471844e-15,
        "sp-first-restart": 0.0038232719354841732,
        "sp-learned-clause-sort-heur": 0.13257290088859697,
        "sp-learned-clauses-inc": 0.0011028257476725489,
        "sp-learned-size-factor": 0.000565938778783248,
        "sp-max-res-lit-inc": 0.0002645155207904984,
        "sp-max-res-runs": 0.00019898605096197242,
        "sp-orig-clause-sort-heur": 0.08857588660981065,
        "sp-phase-dec-heur": 0.0007873726153734553,
        "sp-rand-phase-dec-freq": 0.0013309097170094923,
        "sp-rand-phase-scaling": 2.2258698173101854e-05,
        "sp-rand-var-dec-freq": 0.36626771974833705,
        "sp-rand-var-dec-scaling": 0.009604280911424352,
        "sp-res-cutoff-cls": 9.330941814262515e-05,
        "sp-res-cutoff-lits": 0.003620177675542461,
        "sp-res-order-heur": 0.00975390418370082,
        "sp-resolution": 0.0003326622250699051,
        "sp-restart-inc": 0.0012173085263187176,
        "sp-update-dec-queue": 2.9021501056232774e-06,
        "sp-use-pure-literal-rule": 6.4751898156367344e-06,
        "sp-var-activity-inc": 0.004104190216060792,
        "sp-var-dec-heur": 0.0723814958358693,
        "sp-variable-decay": 0.00016937828191587848
    }
}