{
    "ablation": {
        "-source-": 0,
        "-target-": 0,
        "sp-clause-activity-inc": 0.0,
        "sp-clause-decay": 9.253679476207233e-05,
        "sp-clause-del-heur": 6.765818197111732e-07,
        "sp-first-restart": -6.280347347208003e-08,
        "sp-learned-clause-sort-heur": 0.0005187319404408596,
        "sp-learned-clauses-inc": -3.347093174829887e-06,
        "sp-learned-size-factor": 0.009012151965450351,
        "sp-orig-clause-sort-heur": 0.14798849484183643,
        "sp-phase-dec-heur": 1.0849415747172478e-05,
        "sp-rand-phase-dec-freq": 4.974035098966382e-06,
        "sp-rand-phase-scaling": 3.18221966784851e-05,
        "sp-rand-var-dec-freq": 0.10140885719751286,
        "sp-rand-var-dec-scaling": 5.3072662387587816e-05,
        "sp-resolution": 1.0963692083220361e-05,
        "sp-restart-inc": 3.9664453293405905e-06,
        "sp-use-pure-literal-rule": -3.150484658145428e-06,
        "sp-var-activity-inc": 0.0004938427709230582,
        "sp-var-dec-heur": 0.740384341260434,
        "sp-variable-decay": -8.721419197649107e-06
    }
}