{
    "forward-selection": {
        "sp-clause-activity-inc": 0.36721456911585926,
        "sp-clause-decay": 0.3687906002902773,
        "sp-clause-del-heur": 0.3623972109280952,
        "sp-clause-inversion": 0.3721537581054274,
        "sp-first-restart": 0.35531618957989797,
        "sp-learned-clause-sort-heur": 0.35883791093944684,
        "sp-learned-clauses-inc": 0.36750503304216564,
        "sp-learned-size-factor": 0.36990402529004784,
        "sp-max-res-lit-inc": 0.36624113889456333,
        "sp-max-res-runs": 0.38092166813021805,
        "sp-orig-clause-sort-heur": 0.36078896783033354,
        "sp-phase-dec-heur": 0.3565811664597354,
        "sp-rand-phase-dec-freq": 0.3665624370274862,
        "sp-rand-phase-scaling": 0.36838634069299836,
        "sp-rand-var-dec-freq": 0.3730579608011329,
        "sp-rand-var-dec-scaling": 0.36757866988964266,
        "sp-res-cutoff-cls": 0.3716242148362811,
        "sp-res-cutoff-lits": 0.3681054775900466,
        "sp-res-order-heur": 0.37310686704176704,
        "sp-resolution": 0.3624459471829337,
        "sp-restart-inc": 0.36700417161417365,
        "sp-update-dec-queue": 0.35975023773903414,
        "sp-use-pure-literal-rule": 0.3764392174082386,
        "sp-var-activity-inc": 0.3808834170953512,
        "sp-var-dec-heur": 0.3668743395148247,
        "sp-variable-decay": 0.35804106661009916
    }
}