{
    "ablation": {
        "-source-": 0,
        "-target-": 0,
        "sp-clause-activity-inc": 0.0,
        "sp-clause-decay": 0.00016647753510168545,
        "sp-clause-del-heur": 1.3469490335231776e-05,
        "sp-first-restart": 9.616710146776307e-07,
        "sp-learned-clause-sort-heur": 0.014611782412130693,
        "sp-learned-clauses-inc": 3.3710288020446197e-06,
        "sp-learned-size-factor": 1.7912870569064103e-06,
        "sp-orig-clause-sort-heur": 0.11914659054263926,
        "sp-phase-dec-heur": 3.411661490124192e-05,
        "sp-rand-phase-dec-freq": 1.4047882731126704e-05,
        "sp-rand-phase-scaling": 3.789170022823849e-05,
        "sp-rand-var-dec-freq": 0.11923440592606996,
        "sp-rand-var-dec-scaling": 0.0001474657709118095,
        "sp-resolution": 0.0,
        "sp-restart-inc": 1.0847392832181594e-05,
        "sp-use-pure-literal-rule": -5.566836554291124e-07,
        "sp-var-activity-inc": 0.023359769311577173,
        "sp-var-dec-heur": 0.7232163591859848,
        "sp-variable-decay": 1.2089313382903345e-06
    }
}