{
    "fanova": {
        "sp-clause-activity-inc": 6.440849841949536e-05,
        "sp-clause-decay": 0.00431354373176066,
        "sp-clause-del-heur": 1.6154991665883245e-05,
        "sp-clause-inversion": 1.400015881993968e-15,
        "sp-first-restart": 0.029776718099285227,
        "sp-learned-clause-sort-heur": 0.28591669216798865,
        "sp-learned-clauses-inc": 0.00020614102474450318,
        "sp-learned-size-factor": 0.0009336344160491251,
        "sp-max-res-lit-inc": 0.0018395061755100974,
        "sp-max-res-runs": 0.0038612530526847297,
        "sp-orig-clause-sort-heur": 0.13271118514228658,
        "sp-phase-dec-heur": 0.003926158707175764,
        "sp-rand-phase-dec-freq": 0.0009086715457973307,
        "sp-rand-phase-scaling": 0.00014116371633683374,
        "sp-rand-var-dec-freq": 0.07837571875280606,
        "sp-rand-var-dec-scaling": 0.0019158053177834103,
        "sp-res-cutoff-cls": 0.000683456903790951,
        "sp-res-cutoff-lits": 0.00010604483958992044,
        "sp-res-order-heur": 0.022089016230510135,
        "sp-resolution": 0.002257233274892462,
        "sp-restart-inc": 0.0004183639424658165,
        "sp-update-dec-queue": 1.720545571814662e-06,
        "sp-use-pure-literal-rule": 0.00011228702222165003,
        "sp-var-activity-inc": 0.04821193795617055,
        "sp-var-dec-heur": 0.06301710836568938,
        "sp-variable-decay": 0.0002739511444517551
    }
}