{
    "forward-selection": {
        "sp-clause-activity-inc": 0.32273131718404696,
        "sp-clause-decay": 0.3183292423426174,
        "sp-clause-del-heur": 0.3199770106852388,
        "sp-clause-inversion": 0.3233156415963055,
        "sp-first-restart": 0.31565354015345104,
        "sp-learned-clause-sort-heur": 0.32718969368776424,
        "sp-learned-clauses-inc": 0.3198853109955056,
        "sp-learned-size-factor": 0.32210580454125054,
        "sp-max-res-lit-inc": 0.3182309089673838,
        "sp-max-res-runs": 0.3190221525389139,
        "sp-orig-clause-sort-heur": 0.3143566507089583,
        "sp-phase-dec-heur": 0.3199018462911969,
        "sp-rand-phase-dec-freq": 0.31460743335912494,
        "sp-rand-phase-scaling": 0.324122650539271,
        "sp-rand-var-dec-freq": 0.3344763411842543,
        "sp-rand-var-dec-scaling": 0.3330312481933509,
        "sp-res-cutoff-cls": 0.3230013060605212,
        "sp-res-cutoff-lits": 0.3085169978498565,
        "sp-res-order-heur": 0.3131453041998641,
        "sp-resolution": 0.3342090839098034,
        "sp-restart-inc": 0.305325834976319,
        "sp-update-dec-queue": 0.3113906474524911,
        "sp-use-pure-literal-rule": 0.3276514502281475,
        "sp-var-activity-inc": 0.31273180566415615,
        "sp-var-dec-heur": 0.30379268102474516,
        "sp-variable-decay": 0.3097302516349048
    }
}