{
    "ablation": {
        "-source-": 0,
        "-target-": 0,
        "sp-clause-activity-inc": 0.00013988360632052367,
        "sp-clause-decay": -0.0003106070486543739,
        "sp-clause-del-heur": 0.0,
        "sp-first-restart": 7.362295069492284e-05,
        "sp-learned-clause-sort-heur": 0.022577968282021063,
        "sp-learned-clauses-inc": -0.001990293244094877,
        "sp-learned-size-factor": 0.0005399016384307586,
        "sp-orig-clause-sort-heur": 0.097204302885024,
        "sp-phase-dec-heur": 0.005956270827421271,
        "sp-rand-phase-dec-freq": 0.004978239663617467,
        "sp-rand-phase-scaling": 0.015430803660858857,
        "sp-rand-var-dec-freq": 0.3119675185104415,
        "sp-rand-var-dec-scaling": 0.04632715164388576,
        "sp-resolution": 0.056492827046075327,
        "sp-restart-inc": 0.0012920827846985069,
        "sp-use-pure-literal-rule": -0.004517858735523657,
        "sp-var-activity-inc": 0.0013543701382232084,
        "sp-var-dec-heur": 0.44502789735346726,
        "sp-variable-decay": -0.0025440819629075685
    }
}