{
    "fanova": {
        "sp-clause-activity-inc": 0.00011721060935098368,
        "sp-clause-decay": 0.0007612008354700871,
        "sp-clause-del-heur": 0.008815321590392647,
        "sp-clause-inversion": 5.2480271871694644e-15,
        "sp-first-restart": 0.0026424219702012607,
        "sp-learned-clause-sort-heur": 0.21398799289109854,
        "sp-learned-clauses-inc": 0.00012898750350048003,
        "sp-learned-size-factor": 0.00020085894287524695,
        "sp-max-res-lit-inc": 0.003307180635800766,
        "sp-max-res-runs": 0.0015609440328076248,
        "sp-orig-clause-sort-heur": 0.10764482132424957,
        "sp-phase-dec-heur": 0.002889656855232166,
        "sp-rand-phase-dec-freq": 0.00018658077925408345,
        "sp-rand-phase-scaling": 0.00022805782086167474,
        "sp-rand-var-dec-freq": 0.24600346039875265,
        "sp-rand-var-dec-scaling": 0.00071044114736098,
        "sp-res-cutoff-cls": 0.0002607464677813824,
        "sp-res-cutoff-lits": 0.0030141849791584505,
        "sp-res-order-heur": 0.0049046792122255265,
        "sp-resolution": 3.83192321225419e-05,
        "sp-restart-inc": 0.0009715904563959787,
        "sp-update-dec-queue": 7.798145978509217e-06,
        "sp-use-pure-literal-rule": 0.00030252754313715295,
        "sp-var-activity-inc": 0.026449388088984144,
        "sp-var-dec-heur": 0.0990810712631551,
        "sp-variable-decay": 7.454869740222065e-05
    }
}