{
    "forward-selection": {
        "sp-clause-activity-inc": 0.36691860021585687,
        "sp-clause-decay": 0.3728584338031256,
        "sp-clause-del-heur": 0.3754058563161212,
        "sp-clause-inversion": 0.3681936868014356,
        "sp-first-restart": 0.3731840636140312,
        "sp-learned-clause-sort-heur": 0.3623337870369938,
        "sp-learned-clauses-inc": 0.3712301019749244,
        "sp-learned-size-factor": 0.3618839735753158,
        "sp-max-res-lit-inc": 0.3765201823192733,
        "sp-max-res-runs": 0.36427239842375814,
        "sp-orig-clause-sort-heur": 0.39196654264421793,
        "sp-phase-dec-heur": 0.3694361672129545,
        "sp-rand-phase-dec-freq": 0.37019040531417124,
        "sp-rand-phase-scaling": 0.3729426788464576,
        "sp-rand-var-dec-freq": 0.35994436626149123,
        "sp-rand-var-dec-scaling": 0.370229675924506,
        "sp-res-cutoff-cls": 0.3688958038288876,
        "sp-res-cutoff-lits": 0.3655399823713548,
        "sp-res-order-heur": 0.3916108178330016,
        "sp-resolution": 0.3683323997229901,
        "sp-restart-inc": 0.387759909265082,
        "sp-update-dec-queue": 0.37004676027876976,
        "sp-use-pure-literal-rule": 0.3675246369009323,
        "sp-var-activity-inc": 0.3739913725077692,
        "sp-var-dec-heur": 0.36760572463234226,
        "sp-variable-decay": 0.36958546556733907
    }
}