{"ta_time_used": 4.310420000000001, "_EMA_ALPHA": 0.2, "ta_runs": 150, "_n_calls_of_intensify": 7, "wallclock_time_used": 50.181761026382446, "inc_changed": 4, "_n_configs_per_intensify": 29, "_ema_n_configs_per_intensifiy": 4.138112000000001}