"cpu_time","cost","wallclock_time","incumbent"
0.000000, 2147483648.000000, 0.000294, 1
0.022813, 0.022813, 0.153180, 1
0.122993, 0.029782, 2.162704, 2
