cpu_time,wallclock_time,evaluations,cost,random_parameter_1,random_parameter_2,random_parameter_3
9.012222290039062e-05,9.012222290039062e-05,0,45.62293689228758,0.6,0,500
0.00017976760864257812,0.00017976760864257812,2,20.63057531305402,0.10103544835551218,7,702
0.0008268356323242188,0.0008268356323242188,23,19.611654865307607,0.17314889440215966,8,581
0.0009484291076660156,0.0009484291076660156,27,7.593828810110816,0.11200375328542969,-4,789
0.0074253082275390625,0.0074253082275390625,236,6.776161214753513,0.21538032155692458,-4,23
0.0076940059661865234,0.0076940059661865234,244,6.587356334534391,0.18644643788793439,5,996
0.00811910629272461,0.00811910629272461,258,4.301202614333345,0.22114562919880001,5,652
0.008360862731933594,0.008360862731933594,266,3.488219945606714,0.5646258755847116,5,720
0.008605003356933594,0.008605003356933594,274,1.644881358083028,0.12933486821104603,-5,833
