cpu_time,wallclock_time,evaluations,cost,random_parameter_1,random_parameter_2,random_parameter_3
4.935264587402344e-05,4.935264587402344e-05,0,89.04834048144444,0.6,0,500
0.00010514259338378906,0.00010514259338378906,1,67.57595490919618,0.4191379289806746,3,438
0.0001404285430908203,0.0001404285430908203,2,39.13665189727351,0.40559963458084025,-10,326
0.0002961158752441406,0.0002961158752441406,7,13.785148930112761,0.13666677804642338,-9,667
0.0016503334045410156,0.0016503334045410156,50,8.724714273468203,0.15158784566364517,8,626
0.00409698486328125,0.00409698486328125,133,7.0825589424840265,0.10138872449835981,-3,344
0.0067517757415771484,0.0067517757415771484,222,6.547591529967178,0.14050487536987336,-5,736
0.0076122283935546875,0.0076122283935546875,250,2.227466471020632,0.10224250898347567,-3,170
0.008292198181152344,0.008292198181152344,273,1.478802424775216,0.1590433191258285,3,943
