cpu_time,wallclock_time,evaluations,cost,random_parameter_1,random_parameter_2,random_parameter_3
5.2928924560546875e-05,5.2928924560546875e-05,0,62.53100785212615,0.6,0,500
0.0001308917999267578,0.0001308917999267578,2,16.55915227571756,0.2551670840870096,0,125
0.0019483566284179688,0.0019483566284179688,58,14.488243563397473,0.2366994095629075,-7,508
0.0023682117462158203,0.0023682117462158203,72,11.633750057965276,0.12034338350362098,1,651
0.0027294158935546875,0.0027294158935546875,84,10.457168868545816,0.12531751937874183,0,976
0.003760099411010742,0.003760099411010742,117,9.788308026979736,0.11922329988034355,5,788
0.0049970149993896484,0.0049970149993896484,159,8.499547701611252,0.14737293486609973,-2,81
0.006901741027832031,0.006901741027832031,221,4.628926564693249,0.13966925435167402,-8,351
0.008204936981201172,0.008204936981201172,261,0.5947491047319493,0.11384893887494132,3,516
